Lemus,47909320,female,"Ourense 17","619 322 109",81,2/21/1944,InaquiLemusBarreto@cuvox.de
Barrera,47909321,female,"C/ Canarias 5","620 213 388",50,6/30/1974,LeocadiaBarreraTovar@fleckens.hu
Uribe,47909322,male,"Puerto Lugar 77","623 470 641",74,1/9/1951,TrafulUribeLeal@dayrep.com
Burgos,47909323,male,"Alcon Molina 29","645 069 367",56,9/2/1968,AstolfoBurgosDuenas@einrot.com
Villa,47909324,male,"C/ Cuevas de Ambrosio 81","741 031 070",24,9/5/2000,BonifaciVillaPadron@cuvox.de
Gracia,47909325,male,"Pl. Virgen Blanca 72","642 528 855",27,3/4/1998,AidanoGraciaOntiveros@teleworm.us
Pena,47909326,female,"Visitación de la Encina 92","679 236 249",45,3/17/1980,MartaPenaCasares@einrot.com
Espinoza,47909327,female,"Alvaro Cunqueiro 76","764 827 623",20,7/27/2004,GaliaEspinozaAlmonte@fleckens.hu
Villaseñor,47909328,male,"Canónigo Valiño 62","671 452 430",25,10/30/1999,NuriVillasenorMarin@armyspy.com
Fierro,47909329,female,"Alcon Molina 34","664 378 269",50,8/19/1974,KarlaFierroOrta@dayrep.com
Romo,47909300,male,"Ctra. de Fuentenueva 99","717 191 285",42,10/9/1982,EilalRomoBecerra@rhyta.com
Naranjo,47909301,male,"Plaza Maior 23","728 808 064",62,11/6/1962,EzekielNaranjoCarrillo@dayrep.com
Domínguez,47909302,male,"C/ Canarias 2","654 946 724",36,6/26/1988,MatteoDominguezDominguez@gustr.com
Hidalgo,47909303,female,"C/ Amoladera 95","600 767 411",51,4/12/1973,SorayaHidalgoAlmonte@gustr.com
Rangel,47909304,male,"Avda. Los llanos 16","788 990 558",59,2/2/1966,GianmarcoRangelOchoa@dayrep.com
Estévez,47909305,male,"Pza. Fuensanta 28","740 121 091",40,2/27/1985,BacchusEstevezAlanis@einrot.com
Blanco,47909306,female,"C/ Amoladera 66","680 188 041",27,5/24/1997,GundelindaBlancoAguilera@armyspy.com
Miramontes,47909307,female,"Pl. Virgen Blanca 42","739 393 583",73,4/7/1952,AlesiaMiramontesRosario@gustr.com
Villalpando,47909308,male,"Avda. Explanada Barnuevo 72","761 233 485",36,7/14/1988,AlfeoVillalpandoJaramillo@cuvox.de
Velásquez,479093009,male,"Valadouro 2","681 148 075",44,5/10/1980,IwanVelasquezOlivares@cuvox.de
rodrigues,43266798,Femenino,9 de julio 1810,1145345432,32,02-05-1997,sosrodrig@gmail.es
dimaso,45902311,Femenino,santa maria 923,1165893241,42,08-09-1992,dimasodani12@gmail.sos
Zarate,40720288,Masculino,Ezeiza 123,1123674154,27,12-11-1997,agusnzarate@gmail.com
Prueba,45454565,No especificado,123abc,1145458585,47,10/02/2000,
